platform,press,keyword,comment
news,기타,이재명,권성동 김문수도 털자.. 똑같은 잣대로
news,기타,이재명,젓가락도 허위사실공표로 고발한다 하다가 진실로 밝혀짐 ㅎㄷㄷ
news,기타,이재명,찢재명 콩가루집안
news,기타,이재명,역시 내란당!!!!
news,기타,이재명,아들 벌금건은 현재 대통령을 하고 있었어도 사과해야할 일이다
news,기타,이재명,너도 내란공조범이네~~~이재명이 대통령 돼서 내린범 모조리 정리하지~~~
news,기타,이재명,더럽고저급한국힘내란세력들!정책으로는도저히이길수없으니별짓을다하네 너희들은정권을가질자격도없고국민들이주지도않는다 아마도영원히!!!
news,기타,이재명,하나하나하나하나 다 불법이라는 국힘 왜이리 찌질하냐 ㅋㅋㅋㅋ
news,기타,이재명,네거티브.말고는.그.무엇도 없는 대책없는.내란의힘. 나라가 풍전등화인데 지들 권력 잡는데만 혈안인 극우 내란세력 반드시.척결하자
news,기타,이재명,참 더럽게도 선거한다... 역시 내란당 답다
news,기타,이재명,이재명은 사퇴하라 이재명과 유시민은 생각과 이념이 같은걸로 아는데.... 이재명 아들 젓가락에 이어 유시민이 고졸 생산직노동자를 바라보는 관점이 .... 이재명은 사퇴하라
news,기타,이재명,조국 털고 이재명 3ㄴ녀간 털었으면 됐다. 아내까지 130여군데 압수수색해서 7만8천원 기소했으면 되었다./이제 가족은 좀 냅두어라 김문수도 털어봐라 헬기 100여번 탔는 데 전부 공적 업무인지 살펴보자 근데 왜 도지사가 소방헬기 타고 다니나 김문수는 법카 안썼나???
news,기타,이재명,수상한돈 어디서. 나왔을까 범죄집안. 부전자지 아바이동무는 총각 꽁짜거시기 음주운전 가짜검사 아들 마눌 법카. 아들 성매수. 방통법 벌금 500 만윈젓가락 이런넘이 국민한태 법을 지키라고 아구야. 미츠긋따.
news,기타,이재명,고학력에 금융사에 일했는데 돈2억이 없겠늬??????? 이재명 아들이라고 금융사에서 쫓겨나고 촌에서 원룸살이 한다는데 좀 그만 괴롭히라.... 니들도 자식이 있으면
news,기타,이재명,"호랑이 못 잡으니까, 호랑이 새끼 잡으려고 용을 쓴다. 대선후가 이재명 아들이구나"
news,기타,이재명,우리나라에 일사주재의 원칙이란게 있는거 잘 알잖아! 이미 법원의 판단을 받고 항소 한하고 벌금으로 이미 끝난 사건을 수사 한다고 ! ㅋㅋㅋ 그럼 이제 이재명 아들 도박 다시 수사하고 국짐 것들 검찰에서 바주고 넘어간거 다시 수사해도 되는거야!
news,기타,이재명,20대후반 30대 그정도 돈도 없겠나니들은 그 나이에 얼마 있었어?
news,기타,이재명,그래도 좋단다 이재명
news,기타,이재명,이렇게까지 해야하나? 진짜 지독하다 국민의힘. 아주 온 가족을 풍비박산 내는구나
news,기타,이재명,"국힘의 정책을 가지고 얘기해줬으면 좋겠다.국방, 정치, 경제, 문화 등등"
news,기타,이재명,추정으로 보발하거라 ! 그래서 사실이 아니면 그 책임으로 의원직 내려놓고 ᆢ 더러운 자식들 ㄹ
news,기타,이재명,"누군가 대통령되면 대통령, 부인, 아들, 모두 검찰 조사 재판울 받으면 희대의 사건이네...민주주의는 만인은 법 앞에 평등하다...."
news,기타,이재명,검토가 아니라 빨리 형사고발하세요..검토할 시간이 어디있담
news,기타,이재명,내란단은 해체가 답이다.내란 음모도 당을 해체했지.국개박탈은 덤이다.
news,기타,이재명,C 1 ㅣ 1 ㅂ 1 ㅏ 1 ㄹ 진짜 전나게 드럽게 선거하네....극우꼴통내란폭동세력 아니랄까봐...
news,기타,김문수,누가 봐도 이상한 사람 맞음. 시민들 앞에서 자신은 노조를 모른다고 했는데 알고 보니 노조위원장까지 엮임한 경력이 있음. 구라를 쳐도 생각 좀 하고 치시길
news,기타,김문수,당신 부인이 개그프로에 나와서 다른 후보자 부인 비웃은거나 먼저 생각해. 미친건가.
news,기타,김문수,기자님 광운이 꼬봉. 탬버린의 그녀서방 윤머저리 꼬봉이. 지사시절. 뭐 땜에 헬기를 그리 많이 탓을까요???
news,기타,김문수,ㅋㅋㅋ 김문수 웃기네!!! 잠깐 나와 설쳐도 온갖 말 다나오는데 쯧쯯 문수씨 마누라 못 생겼어요
news,기타,김문수,전광훈이한테 헌금은 얼마나 했는지 말해봐라..그래서 그러고 사는구나.
news,기타,김문수,제가 노조할 사람으로 보이세요? 저는 부드러운 문학소녀.... 라고 말했는데 노조하는 사람이였고요 상대 후보 와이프한테 법카 쓰지마세요 라고 대놓고 말하고 방탄유리 보고도 그냥 못 넘어가고 한마디 던지던데 이상한 사람 맞아요. 쌈닭이에요? 남편 소방헬기 전용기 처럼 162번 쓴 것에 대해서는 한마디도 안 하던데? 앞으로는 소방헬기 쓰지마세요 알겠어요? 그거 생명 왔다갔다 하는 환자가 쓰는겁니다.
news,기타,김문수,설난영이 김혜경을 비방하고 공격하는 모습이 너무 괴이해 보이죠. 2찍들은 사람 자체가 이상한 거 같아요. 후보자 부인이 후보자인 것도 아니고...노조할 사람들 원색적으로 비하하고 느닷없이 자기를 아주 지성적이고 예쁘기까지 하다고 인정할 수 없는 주장에 깜짝 놀라게 한게 설난영입니다.
news,기타,김문수,유시민이 한 말의 전체 맥락을 봐라. 틀린말한거 하나없다.
news,기타,김문수,"나한테 좋은 사람이라고 해서 남한테도 좋은 사람인 건 아니죠 ■ 아내되시는 분이 광장에서 방송에서 지속적으로 남의 아내 대놓고 공격한 거에 대해서는 어떻게 생각하시나요? 노조하는 사람 외모 비하한 거는요? ■ 심판이요? 군대를 동원해서 국민에게 탱크와 총칼을 들이대고, 맘에 안드는 사람 처단하고 자유를 제한하겠다는 포고령을 내린 사람을 마지막까지 꼿꼿하게 옹호한 당신과, 먼저 문제를 일으켜놓고 사과 한마디 없이 숨어버린 당신 아내부터 먼저 심판받아야 순서가 아닐까요?"
news,기타,김문수,"유시민이 아주 적절하고 정확하게 표현햇네. 20,000% 공감!!!!!!!!!"
news,기타,김문수,노조하는 사람들의 저질스런 외모비하한게 누구시더라.자신을 부정하는 꼴이라니.
news,기타,김문수,유작가가 맞는말 했구만 뭘 ...
news,기타,김문수,공개석상에서 후보도아닌 후보배우자가 상대후보배우자를 까내리고 노조는 못생겼다니 그런언행을하는 사람이 훌륭하다고?? 이집은 국어를 발로배웠나 사이비한테 빠지면 이렇게 이상해진다
news,기타,김문수,말 앞 뒤 짜르고 이야기 하지말고 유시민 작가가 본래 알던 지인이고 노동운동 시절에 옥뒤바라지 까지 같이 하던 지인인데 의원되고 사람이 달라져서 인연이 끊어지고 도지사에 대통령 후보 영부인 자리까지 올라오니 자기 자신은 안보고 상대방 후보 부인에게 막말을 해서 사람이 이상해졌다.이게 결론인데 먼 노동자가 나오고 여자 노인 비하가 나오냐. 그렇게 따지면 가세연 렉카 극우유튜브 애들한테는 왜 말한마디 안하냐. 그냥 뭐하나 나오면 팩트도 없이 물어뜯네
news,기타,김문수,설씨도 사과하심이 개그프로지만 비방을 하시는 건. 나는 되고 제는 안되 심뽀가
news,기타,김문수,아무데서나 외모얘기나 하면서 그 어떤 개념도 없던데 직쏘 할머니 제발 애들 안고 사진좀 찍지마시고요 아무리 날씨가 덥다지만 완전 공포영화ㅜ
news,기타,김문수,설치고 다니며 이상한 소리를 하니 구설수에 오르지.. 그리고 유시민 작가가 대선에 나왔나?
news,기타,김문수,후보자비방죄.면 김문수 부부는 이미. 국힘과 같이 다 유죄
news,기타,김문수,"유세지원이랍시고 설 씨가 한 말들은,,, 정말 수준 이하더라 진짜 수준 이하더라"
news,기타,김문수,유시민 말이 맞는것 같음.
news,기타,김문수,퍽이나 훌륭해서 노동자 출신이 노조는 과격하고 못생겼다 하셨어요??ㅋㅋㅋㅋㅋ
news,기타,김문수,어 김문수 인정한다. 당신에게 설난영은 훌륭한 사람일 수 있다. 인정한다. 단 함께 노동운동했던 지금도 노동운동하는 사람들에게 당신과 설난영은 쓰레기로 보인다. 변절자니까. 변절해서 그냥 부부가 조용히 잘 먹고 살면 걍 무시하고 말지. 변절자가 거꾸로 자기들 젊음을 담았던 곳에 대해 보수보다 더 지독하게 욕하니까 쓰레기라고 판단하는 유시민과 나머지 권영국에게는 니들이 쓰레기지. 그것도 인정해야지? 서로 인정할건 인정해야지?
news,기타,김문수,김문수님아 넌 노동운동한다고 너랑 같이 일했던 운동가분들 끌려가서 고문 받을때 넌 조합원 집에서 삼시세끼 꼬박꼬박 챙겨 먹으며 쉬고 있었지. 양심이란게 있냐?? 니 와이프만 귀하고 다른 노동조합원은 뜰려가 고문당하고 취조 당할때 숨어서 밥이 넘어가던. 젊을 때나 늙어서나 참. 국짐당은 종자들은 왜그러냐 정말박종철군은 죽을때까지 이름 안불던 운동권 그놈도 국짐당이라며 이러니 국짐당이 내란당이 된거지 정당해산이 답이다. 그냥 이름만 바꾸는 그런가 말고 정말 정치판에서 발도 못붙이게 처단해야한다
news,기타,김문수,"제 아내 설난영 씨는 25세에 세진전자 노조위원장으로 선출될 만큼 똑 부러진 여성이었다 ====================================== 머야.. 이래놓고, 제가 노조할 얼굴이냐고? 노조하면 얼굴이 이상하게 생기지 않았냐는 식으로 말했던 거였음????????????????????????????????????????????????????????????????????????"
news,기타,김문수,굥도리도 쥴리는 훌륭한 마눌이다 했으니
news,기타,김문수,25세 세진전자 노조위원장 했던 자랑.스러운 당신.부인이 노조운동은.못생기고 쎈여자 들이나 하는거다.나는.예쁘고 문학적으로 생겨서 노조 운동.같은거.안한다 이렇게.말했다 당신과 당신 부인의 존재이유 노동운동을 비하하고 부정 했다 유시민이 그시대 여성 노동자를.비하.했다고? 당신 부인이 비하 한거야! 어떻게 자신의 존재 이유를 부정 하면서 까지 권력을 탐한다는 말이냐 그러면서 누굴 비난하는거냐!
news,기타,김문수,좀 나대지마라 김건희 보는듯해서 짜증나니까
news,기타,김문수,퍼스트 레이디 리스크가 결국 위해가 되서 이 선거가 치뤄지는데.. 나서지 말았어야지.. 문수씨.. 뭔 소린지 모르지???
news,기타,김문수,전광훈 따까리
news,기타,김문수,김문수 당선 안되니 설난영도 영부인까지 못간다는게 뭐가 여성 노동자 비하냐. 다급한건 알겠는데 억지는 부리지 마라. 추해 보인다.
news,기타,김문수,그렇게휼륭한분이 남의부인흉을보고 깨끗한척한다요 조국만큼털면 엄청나올건데 여유부리네 전광훈교시를받고 나오신분이 교주님말씀잘따르고있다고 자백하네요 문수도 부부공동대통령할꺼야 꽉잡혀서 혼자서는아무것못하지 부인한테허락받고 국정운영할꺼야 전광훈말만따를꺼야 둘중하나 아닌가 정신챙겨라 문수야 진짜자격있다고생각하니 국짐당수준을니가보여주는거 몇표나받나보자
news,기타,김문수,"유시민한테 도움받은건 맞고, 은혜입은건 잊으면 안되지. 출세했다고 쓴소리 좀 듣는것조차 용납못하면 그게 좀팽이 아녀? 부부가 쌍으로 벽창호에 외곬수네. 절대 옆에 둬선 안될인간들."
news,기타,김문수,설할머니가 많이 설치는건 사실 ~ 솔직히 가만있음 더 낫지 않았을까싶어요
news,기타,김문수,마귀같이 생겼음
news,기타,김문수,윤석열도 그랬지. 윤석열이 김건희이고 김건희는 윤석열이고~ 그러다가 나라 말아먹은거야. 권위의식 쩌는 김문순대~님
news,기타,김문수,"자신은 노조조합장 출신이면서, 노조원을 하면 못생겼다고 비하했던 노동부장관 부인 설난영이 영부인이 되면 김건희 못지 않게 설쳐댈 것 같은 기시감은 유시민의 경험담을 듣기 전부터 들었다."
news,기타,김문수,그러니까. 왜 나대니 노조도 모르고. 노조는 뭐 어쩌구저쩌구. 방송나와서 상대후보자 부인 비방하고 그러니까 그런 소리 듣지. 처신 잘하세요. 부인 단속 잘 하고
news,기타,김문수,설난영 이상한거 맞아요. 괴이합니다.
news,기타,김문수,본인입으로 본인 훌륭하다고 ㅋㅋ 아이고 참 나이먹고 딱하다
news,기타,김문수,노조하다 뱃가죽에 기름기차니까 변절하는 인간들
news,기타,김문수,설여서가 김혜경여사 이름으로 삼행시지을때부터인격을 알아봤죠 아무리 상대후보라도 격하시키는 모습보면서 김건희가 생각나더라구요!! 적당히 나대시는게 김후보를 돕는거 아닌가싶네요 !!
news,기타,김문수,"노조위원장 출신이라면서 노조는 과격하고 거칠고 못생겼지만, 자기는 문학적이고 예쁘고 부드럽다고 노조를 비하하면서 자기를 공중부양시키는 발언을 하나? 노동부장관 하면서 노동자들 무시하고 노조폄하하는 너하고 똑같이 변절자라는 자기고백이잖아. 그래서 니들이 부부가 됐나보다. 부창부수다."
news,기타,김문수,마귀할멈이 훌륭하다고 훌륭한 사람이 그딴 말도 안되는 소리를 지 껄이냐 본인은 이쁘고 노동자는 못생겼다 말 같지도 않은 말을 짓거리는 마누라가 참 훌륭하겠다 어쩜 그리 부부가 똑같을까
news,기타,김문수,주변에서 다들 설난영씨 보통아니다..김건희 저리가라다..라고 수근 거린다. 김건희에 데인 국민들은 설난영같이 나대는 영부인 솔직히 부담스럽다..김문수는 이래저래 당선은 어렵겠다고 본다..
news,기타,김문수,인상은 과학이다 ㅋ
news,기타,김문수,관상만 보면 답 나오지 안그러냐 순대야
news,기타,김문수,김순대 니가 가만히 있는 훌륭한너의 피셜 배우자를 니가 앞으로 내세워서 이렇게 된거아님?? 뒷통수 사기당선으로 당선후 왜 가만히 있는 배우자를 그렇게 벌써부터 앞세워선?? 그건 니가 자초한거야~~~이제와서 혼자서 북치고 장구치고 하지마라
news,기타,김문수,"설난영이 제정신이 아닌거 사실이지.어쩜 부부가 저리 똑같냐?하나가 잘못됐으면 그걸 말려야지,둘이 똑같이 나대는 꼴이라니..ㅉㅉ.한심한 부부 추가!"
news,기타,김문수,문수야!너희 부부는 부창부수 맞다. ...사이비종교에도 동반해서 들어간겨.. . .너희들은 노동. 민주화운동 했다고 떠벌리고 다니지 마라.. 챙피하다 이놈아. ..
news,기타,김문수,어휴~ 제발 안봤으면. 김건희는 성형으로 도배했지만 예쁘기라도 했지. ㅡㅡ
news,기타,김문수,김혜경보다 김건희가 더 정직하다고 하는데 설씨 입 좀 막아야될 듯
news,기타,김문수,훌륭한 사람이 얼굴 가지고 노조 비난하냐???
news,기타,김문수,훌륭한 사람이 노조여성 갈라치기합니까?? 애초에 설난영여사가 노조여성 비하하고 김혜경여사 비아냥 거린게 화근이죠!!!
news,기타,김문수,유시민은 빨리 사과하고 마무리하시길… 이 싯점에 논란을 카울 필요는 없다
news,기타,김문수,과거에 남편 구명운동까지 했는데 안부전화를 사무적으로 응대한게 제정신이냐?
news,기타,김문수,설씨 자기가 노조하게 생겼나
news,기타,김문수,김문수 아내는 훌륭한 아내가 아니다.남편이 이상하고 괴상한 정신으로 사회 생활을 하는데 그걸 그저 옳다고 내조 하는거 보면 둘다 제정신이 아닌거다!
news,기타,김문수,훌륭한사람이 노조평하발언을하나? 자기객관화도안되는게 자기가이쁘다는거짓말도하잖아 거기서부터 건희스러케보이더라
news,기타,김문수,"댓글 단 꼬락서니 하군! 한심한 사람들!,김문수 후보는 과거 운동권 시절 그 혹독한 고문을 받아 가면서도 동지이름을 불지않은 사람이다 유시민이 너의 입으로 말했고 존경한다고 했지? 이런분의 부인을 니가 감히 "" '설난영이 김문수 후보와의 결혼을 통해 사회적 신분 상승을 했고, 과분하게 대통령 후보자의 배우자가 됨으로써 제정신이 아니라는 것과 김문수 후보는 고령의 노인에 불과하다는 것"" 이런 망발을 해? 나쁜ㄴ 그리고 5,18때니가 뭘했다고 보상금 10억씩 받아 쳐 ㅁ나? 이해찬이 하구!! 한심한것 같으니라구! 문수씬 반납 했다"
news,기타,김문수,영화주인공이신데 훌륭하지 고귀하고 아름답고 이쁘고 직쏘같고
news,기타,김문수,부부가 뒤에서 남까는것은 일등이더니 다른사람이 대놓고 까니 왜 불편하신가요?
news,기타,김문수,유작자님 발언도 약간의오해소지가 있지만 설여사의발언또한 매우 부적절했던거아닌가 싶네요.
news,기타,김문수,지가 김혜경 여사 비하한건 생각못하고 남이 지 욕하는건 못듣겠나보지? 니네가 좋아하는 내로남불이야
news,기타,김문수,"설난영이 노조위원장 출신인데 ""나는 노조의 노자도 몰라요"" 이게 말이냐 방구냐!"
news,기타,김문수,"김문수 저 양반 교도소에 있을때 유시민네 집안에서 영치금도 보내주고, 면회도 와줄정도로 각별했는데 기억이나 하려나??"
news,기타,김문수,대한민국의 품격이있지 저런간판을 어디다가 내놓냐
news,기타,김문수,설난영... 훗훗 이제부터 게임을 시작하지..
news,기타,김문수,이번엔 유시민이 잘못했네..설난영 하는짓이 왜저럴까 싶고..외모가 별로인데..왜 이쁜척을 할까 싶기도 하지만..그래도 선거때 그런말은 악역향을 미친다는걸 모르셨을까???
news,기타,김문수,김문수가 감옥에 있을때 구명을 위해 유시민이 애썼다고하는데 은혜를 고발로 갚는구나!
news,기타,김문수,문수 너한테는 훌륭한 사람 맞지. 김건희도 윤썩렬한테는 훌륭하고 고마운사람 일테지! 주가조작에 뇌물수수했어도.
news,기타,김문수,애쓰네 당신 마누라 귀한줄만 알고 남의 처는 까내려도 됩니까? 대선토론 나와서 상대편 부인 깔때는 언제고
news,기타,김문수,좀 과하게 설치더라
news,기타,김문수,직쏘
news,기타,김문수,ㅋ 부창부수 얼굴도 닮음
news,기타,김문수,노동 변절자인가
news,기타,김문수,유유상종이지...
news,기타,김문수,영부인얼굴은아닌듯
news,기타,김문수,맥락없이 유작가님 고발 ㅎ 그방송 다 봤는데 ㅎ 내란당은 이런 고발 챰 잘하는듯요 그러면 설여사가 노조외모 비하 발언도 고소 해야 되겠네요
news,기타,김문수,"너도 훌륭해, 얼떨결에 후보로 나와 고생한다"
news,기타,김문수,유시민은 나이가 먹을수로 꼰대가 되어가고 있다.
news,기타,김문수,김문수 씨는 훌륭이란 단어의 뜻을 모르시나? 훌륭한 분은 자기가 몸 담았던 곳 사람들 외모를 흉보거나 자극하지 않아. 절대. 기사보는데 역겹더라. 그런 걸 휼륭하다고 하지 않아. 역겹다고 하는 거야.
news,기타,김문수,"맞습니다.과거는 훌륭합니다.그러나 현재와 미래는 즉,현재는 손바닥 왕자 쓴 꼴통 왜놈 윤가놈을 따르는 정당의 대표로 대선에 참여한것은 엄연히 내란을 정당하다 하기 때문에 안됩니다."
news,기타,김문수,"맞는말했는데 어디 그게 여성,노동자,노인 비하냐?"
news,기타,김문수,제2의 줄리는 이제 용서하지 않겠다!
news,기타,김문수,유작가 말이 맞다. 남편이 대통령후보된니까 영부인 된 줄 알잖아?? ㅋㅋ 제정신이 아니라 머리가 돌아버린 것 같아....
news,기타,김문수,국짐당 후보라서 너무 다행이다ㅋㅋㅋ 고집불통 소통불가 싫다. 싫어.
news,기타,김문수,같은 말을 들어도 국짐 애들은 정말 이상하게 알아 듣는다. 국민들 대부분이 납득하고 수긍하는데 국짐 관련 인간들은 엉뚱한 해석을 한다. 국어 일타강사라도 파견해서 교육을 해야 할 것 같다.
news,기타,김문수,정치에 매몰되어 옳고 그름의 최소한의 가치판단조차 못 하는 정치병자들 천지구나 ㅠ
news,기타,김문수,적어도 너희 부부가 인간이라면. 유시민이가 하는말은 살갑게 받아 들여야지...너희 부부에 대해 유시민만큼 잘아는 사람 대한민국에 있나...ㅎㅎㅎㅎ 권영세 이놈의 위증자가 알랑가. ...
news,기타,김문수,김건희를 능가하는 설난영..김문수 당선되면 설난영이 설치는 모습 볼 수 없어서 김문수 안찍기로 했다..
news,기타,김문수,제2의 김건희~
news,기타,김문수,유작가의 발언은 하나도 틀린말 아닌데.....당신의 발언이나 조심해라~!
news,기타,김문수,늘 내로남불. 제발 한번이라도 정신이 온전함을 증명해주세요. 대통후보잖아요. 영부인후보잖아요. 21세기 대한민국이 이렇게 수준낮고 낯뜨거운 인간들이 대통령되겠다고 나옵니까? 두 분 사랑 알콩달콩 집에서 하세요!
news,기타,김문수,아무리 훌륭한 만화가가 그린 마귀할멈이라도 설난영보다 더 잘 그리지는 못할 것. 마귀할멈 나라를 지옥으로 만들기 위해 나온 거면 얼른 들어가시지요. 수리수리 ....
news,기타,김문수,후보자 비방죄? 그럼 니들은 거의 무기징역 아니냐?
news,기타,김문수,"그러는종자들이 노조하는 사람을을 비방하냐? 쉴드칠걸 쉴드치거라,,,니들같은 견종자들 모임체는 하루빨리 해체가 답이다,,"
news,기타,김문수,그렇게 똑부러진 분이 왜 김건희편을 든거야? 윤썩열 김건희편 김문수 이번 대선에 당선되면 나라 망한다.
news,기타,김문수,어지간히도 다급했구만. 순대옆구리 터진다..설상가상
news,기타,김문수,본인법카가 훨씬심각하던데 헬기도 무제한 사용하고
news,기타,김문수,"(배신한 노동운동가 국민2800만을 배신한 노동운동가의 배신이었음에 대한 논증)1.기업은 이윤을 내야합니다 2.생존하는기업은 사회적평균이윤이상, 최소 초과이윤을 달성해야합니다 3.초과이윤은 자본집적=기술고도화=노동생산성증가로 가능합니다 4.사회적평균을 이윤을 달성하지못한기업은 파산합니다 5.파산한자본은 생존한 기업으로 자본결합합니다 6.노동운동=임금상승은 기업의 이윤을 낮춥니다.그래서 자본집적 기술고도화 노동생산성증가를 시킵니다. 그래서 국가능력을 높힙니다. 아이러니하게도 거의 세계 최강성 노도조합의 현대중공업이 조선세계최고기업임다"
news,기타,김문수,여기는 모두 중국에서 파견 나온 조직원들 댓글 부대 같은데.
news,기타,김문수,제가 노조하게 생겼어요?? 하며 입에 침도 안바르거 거짓말하던 할머니
news,기타,김문수,설씨 자신이 노조를 과격하고 못생겼다고 했는데
news,기타,김문수,예쁘고 문학적이고 부드럽다며? 말과 행동은 다르던데?
news,기타,김문수,딸은 사회복지사 아빠는 극우 전광훈 오른팔 엄마는 노동운동가 다양한 가족일세
news,기타,김문수,순수한 노동운동하다가 권력 탐욕에 빠져 그 순수성을 완전히 상실하고 지금처럼 이상하게 괴물로 변한 김문수와 그 아내~는 6월 2일까지만 들어준다. 그러고나서는 사람들의 기억속에 빠져주시요~
news,기타,김문수,유시민말을 왜 고발하는지 모르겠내 틀린말한개도 없구만
news,기타,김문수,이쁜 마누라 데리고 남은여생 행복하게 보내라
news,기타,김문수,"우리나라 輕하고 싸구려 입의 대명사!유시민,박지@,이짜이밍!"
news,기타,김문수,아니던데? 니 아내 정말 이상한 여자 맞던데? 언론의 마지막 공작질들 지겨운 이나라 썩은 집단카르텔
news,기타,김문수,댁이 대통령이 되지 않을거라서 영부인이 될일이 없을거라고 얘기한건데..ㅋ
news,기타,김문수,직쏘 마누라. 40년동안 델꼬 사느라 고생했다 마누라 하느짓거리가 딱 직쏘스럽더라
news,기타,김문수,직쏘~~~직쏘~~~~~직쏘~~~~~~~~~~~ㅋㅋㅋㅋㅋㅋㅋㅋ 3살 조카가 저사람나온영상보더니 기겁하고 울더라 ㅋㅋㅋㅋㅋㅋㅋㅋㅋㅋㅋㅋㅋㅋㅋㅋㅋㅋㅋㅋㅋ
news,기타,김문수,그 나물의 그 밥이지뭘 또 훌륭해
news,기타,김문수,머리와 가슴과 입에 저항과 배격이 몸에 밴 부부. 저항은 또 다른 저항과 배격을 끌어 당기는 평법한 원리를 모르는 사람들. 이런 사람들은 지도자로써의 자격이 없다. 제2의 윤썩열이 꼴을 그대로 재현할 것이다. 시름하고 총살 당하는 것은 오롯이 서민들의 몫이된다.
news,기타,김문수,웃기시네 유시민의 인격은 늬들부부보다 백배는 훌륭하다 노조는 못생겼고 지는 이쁘고 부드럽다는 말하는 여자가 훌륭하냐 극우집단 집회에서 막말에 친일발언 하는 김문구가 훌룽하냐 늬들보다 천배는 유시민이 낫다
news,기타,김문수,훌륭은 모르겠고 일단 관상은 ㅈㄴ 쎄한 뱀관상이에요
news,기타,김문수,"국짐 후보가 김문수냐, 설난영이냐?국민들은 그게 궁금했던거다. 하도 배우자가 설치고 다니니까 김건희 시즌 2가 될까봐 두려워서.."
news,기타,김문수,퍽이나
news,기타,김문수,그리 훌륭해서 여성 노동자를 지가 비하했냐. 노조위원장 출신이.
news,기타,김문수,이래서 개그프로그램이 없어 진 이유가 이런 것들 때문이다.
news,기타,김문수,70~80대 노인들이여손주들 지대로 돤 나라 물려주려면 반드시 내란세력들 척결해야지
news,기타,김문수,지는 노조할 얼굴이 아니라는 노조위원장 출신 인간 어디가 훌륭하다는거지? 노조원들 비하 발언 하는 대선 후보 배우자가 정상이야?
news,기타,김문수,말하는거 보니 아니던데 ㅋㅋ 설치는거 보니 건희보다 더 하겠던데 ㅋㅋ 뭔 상관이고 ㅋㅋ 4일만 지나면 일상으로 돌아갈건데 ㅋㅋ 정품 찍어낼려다가 불량품 나온거 맞잔아 ㅋㅋ 국짐것들 ㅋ 폐당될거니까 ㅋㅋ
news,기타,김문수,"암만, 훌륭하지. 노동자들과 다르게 ""부드럽고 이쁘고 문학적이고""~윤거니도 전광훈도 훌륭하지? ㅋㅋ"
news,기타,김문수,노조하는 여자는 과격하고 드세고 못생겼는데 본인(설난영)은 예쁘고 문학적이고 부드러운 여자라며 자기얼굴에 꽃받침을 대며 말하는어이없는 유튜브 영상을 봤다. 이런것은 왜 뉴스에 안나오는가? 인터뷰 마다 김혜경씨 험담하는모난 인성 이더만. 그얼굴로 미모 자화자찬 이라니 자격지심이 보이더라 유시민이 말한건 격 떨어지는쪽을 찝어서 얘기한거이지 싶네. 기막힌 김거니가 가니 설난영이 온다는 얘기가 사실이 될까. 겁나네
news,기타,김문수,유시민씨가 과하게 말은했지만 김문수 부인이 많이 설치긴했지.조용히 선거운동했으면좋으련만
news,기타,김문수,문제는 김문수 당신 같은 사람이 대통령 후보 라는것 이다. 그렇게 극우 집회 다니며 선동질이나 하고 살아온 싸구려 인생이 감히 대한민국 대통령을 꿈꾸다니 … 너무 자존심 상한다. ~!!
news,기타,김문수,관상은 과학이다 마귀할멈같이 생겨서리
news,기타,김문수,프롤레타리아가 부르조아 되면 적어도 그 과거의 정체성을 부정하거나 폄하해서는 안되겠지요.유시민작가는 당신들의 과거를 가장 잘아는 지인으로서 변절한 당신들의 삶과 노동운동 조차도 가벼이 보는 모습에서 안타까운 일언이겠지요.
news,기타,김문수,아주머니 남 욕하시기 전에 거울부터 보시죠
news,기타,김문수,기사 헤드라인 뿐 아니라 실제 발언의 맥락을 좀 보세요~ 그리고 사실 후보 배우자가 이렇게 적극적으로 네거티브 언행하는 거 처음이긴 한거 같아요..
news,기타,김문수,어? 이상하다. 국힘당에서 이재명 사모에 대해서는 더하지않았나?
news,기타,김문수,훌륭한 사람은 가만히 있는 상대후보 부인 비난하지 않는다 훌륭한 사람이 시비를 먼저 걸고 싸움을 부추기지 않는다 그런건 나쁜사람이라고 정의한다
news,기타,김문수,김문수 기준에서는 훌륭하겠지
news,기타,김문수,노조위원장 했다면서 노조를 못생겻다라고 하다니?
news,기타,김문수,그렇지 참 훌륭해서 노조처럼 생긴사람 이라고 비꼬고 다니지
news,기타,김문수,운동권 노조 먹튀하고 국짐당 편에서서 내란 동조 하는게 훌륭하다는 건가? 친일파 스럽네
news,기타,김문수,틀린.말 없던디 국민이 판단하는 거지
news,기타,김문수,여기 석렬이 다음으로 부부가 사기꾼 탄생했네 둘다 거짖말을 밥먹듯이하네
news,기타,김문수,아무리 설씨가 쏘우같이 생겨서 설치고 다녔다해도 이번만큼은 유작가의 불찰이 맞다. 빨리 사과하고 매듭짓길
news,기타,김문수,똥싸고있네 그래서 니 잡혀 구금되었을때 온힘으로 도와준 사람 뒤통수 까고있냐?
news,기타,김문수,노조욕했는데 훌륭한사람이라고? 그냥 김거니 시즌2임 직쏘 아지매
news,기타,김문수,사이비에 기웃기웃 하면서 깨끗한 척 하기는~!
news,기타,김문수,김어준 유시민 조국비호패거리... 지난대선때도 조국비호하면서 굥당선의 일등공신이 되더니... 나라를 요모양요꼴 개판으로 만들어놓고 아직도 정신을 못차리고...또 자살골을 넣고 있네...
news,기타,김문수,그러니까 나대지마라 건희처럼 나대니까 ! 발을 땅에 붙이고 다녀라
news,기타,김문수,수문이는 좋겠다 아내가 너어무 이뻐서 둘이 손잡고 한적한 곳에서 깨소금 볶고 살길
news,기타,김문수,"그 정도는 국민 누구나 말할 수 있고, 실제 그렇게 생각하는 국민들도 있다. 대선 후보로 나선 자의 숙명으로 여기고 대범하게 넘겨라."
news,기타,김문수,"너같은 여자가 훌륭해? 이거 뭐…말문이 막히네. 내란옹호에 배신의 아이콘이. 출세에 눈멀어서..,"
news,기타,김문수,저거 내란수괴놈이 지 부인 감싼답시고 치던 헛소리랑 똑같네
news,기타,김문수,변절자 웃기지마라
news,기타,김문수,"ㅋㅋ 팔불출 인가, 석열 씨 한테 물어도 훌륭한 아내라 할걸...."
news,기타,김문수,촉새가 또 설설 날아 당기는구먼 이제는 어디 앉을자리가 있을려나 털을 확뽑아 버리기전에 조용히 있어요
news,기타,김문수,김문수에게 만 이겠지 우리가보기엔 김건희를 다시 보는줄 적당히 나댔어야지 특히 마이크에 상대후보 부인을 대노코 디스하는건 역대 첨인듯 보기흉했음
news,기타,김문수,쌍으로 꼴값하네
news,기타,김문수,부창부수 노동운동을 수단과 목적으로 사용것들일뿐 그입 다물어라
news,기타,김문수,"뭐 그닥 틀린 말은 아닌거 같은데,"
news,기타,김문수,노동운동하다가 함께 감빵도 갔는데 동지들 배반해서 살림 많이 늘었냐!
news,기타,김문수,봉건시대 엔 왕비요. 공화국 시대는 국모. 영 부인이신데 사모님은 대통령을 내조만 잘하시고 국내외 정치엔 일절 관여하지 말아야 한다. 하면 할수록 왜곡되어 정권이 피폐 무너진다. 윤석열 정권 처럼. 설 여사님도 저기 뒷전에 계시길
news,기타,김문수,국짐은 후보자와 그 가족을 비방한 이준석은 잘한다더니?
news,기타,김문수,ㅋㅋ. 찍소
news,기타,김문수,사전투표 마치고 왔습니다. 출국금지 출국금지! ㅋㅋㅋ
news,기타,김문수,김건희 가 윤석열 을 설난영은 김문수를 사랑이라는 이름으로 서로 괴물로 만들었다 그릇만큼만 담아야한다 지금넘친다 넘쳐
news,기타,김문수,"시민아 상정이좀 닮아라 좋은사람 인정할건 인정해야지,,민주화운동할때 독재고문에 너부터 모두 불어버리고 김문수만 끝까지 고문받으며 상정이를 지켰단다,그래서 상정이가 존경하는사람 중에 한분이란다,니들은머냐 의리없는인갼들,림죵석,김민서기,추미 ㅇ,뮹가,이해 차니,유시미니,등등등~~"
news,기타,김문수,지가 김혜경 욕 하는건 괜찮고...와이프 욕 먹는건 듣기 싫은가 봐. 그러게 행실을 똑바로 하고 다니지. 어디 얼탱을 하고 다녀 그 얼굴로...김문수가 설난영이고 설난영이 김문수면 김건희 보다 100배 더 하겠네 긁힌 건 알겠는데 자중해라
news,기타,김문수,아내가 훌륭하게 생겼네 ㅋㅋㅋㅋㅋㅋㅋㅋㅋㅋㅋㅋㅋㅋㅋㅋㅋㅋㅋㅋㅋㅋㅋㅋㅋㅋㅋㅋㅋㅋㅋㅋㅋㅋㅋㅋㅋㅋㅋㅋㅋㅋㅋㅋㅋㅋㅋㅋㅋㅋㅋㅋㅋㅋㅋㅋㅋㅋㅋㅋㅋㅋㅋㅋㅋㅋㅋㅋㅋㅋㅋㅋㅋㅋㅋㅋㅋㅋㅋㅋㅋㅋㅋㅋㅋㅋㅋㅋㅋㅋㅋㅋ 생긴건 과학이다 ㅋㅋㅋ
news,기타,김문수,"(어떤 사람은) 살다보면 자신의 명분에 취해 검사 사칭도 할 수 있고, 육욕에 빠져 총각행세를 할 수도 있다. 다들 은밀한 죄도 많이 지으니… 그 자체로 돌을 던지려는 게 아니다. 하지만!!!! 그런 사람이 대통령의 자리에 가는 건 완전히 다른 얘기다. 그뿐이랴. 그 아들은 또 어떡고. 제발 정신 잘 차리고 투표하자… 윗물이 맑아야 아랫물이 맑다. 대한민국 국민들아 제발…"
news,기타,김문수,"다른 후보 배우자 뒷담화한거 설난영씨가 먼저해서 이 사단이 난거죠. 불교행사때 이재명대표 사모님과 인사 나누라는데 엄청 띠꺼운 표정하면서 억지로 악수하는거 티났어요. 경기도지사때부터 인연이 있었다던데 왜 저래 했는데 얼마 안있어서 인신공격 하시더라고요. 그때 포문을 열어놓고 그땐 아무도 비판 안하더라고요.ㅎ 외모보고 머라하는것도 본인이 먼저, 노조할 얼굴 아니지 않냐며 노조하시는 분들 비하하셨죠. 정말 비호감이다 싶었네요."
news,기타,김문수,구구절절이 맞는 말씀입니다...
news,기타,김문수,"둘 다 정상이 아닌 듯 한테요.. 그냥 할머니,할아버지로 사세요.. 정치 그만 하시고요.. ㅠㅠ"
news,기타,김문수,적반하장
news,기타,김문수,혐오의 발언을 당한 피해자 설난영씨를 욕하는 꼴이라니... 그쪽 지지자들 이중성이 대단하시네
news,기타,김문수,"남의 인생을 ‘갈 수 없는 자리’라며 평가절하하는 모습은 한심하기 그지없습니다. 그런데 얼마 전에는 이재명 아들이 저지른 문제를 ‘대통령 될 사람이니까 욕먹는 것’이라며 사실상 두둔하는 위선까지 보였죠? 잘못은 잘못인 건데, 왜 특별히 감싸고 변명하는지 이해할 수 없습니다. 이런 이중잣대와 편파적 태도야말로 스스로 ‘제정신이 아니다’는 걸 증명하는 꼴입니다."
news,기타,김문수,"노동자를 대변하는 당인것처럼 위선을 떨지만 속내는 ""찐노동""자를 저급하다고 생각하는 인간들... 사실 민노총, 페미를 정치세력으로 이용하는거지 실제 노동자와 여성을 위한다는 것들이 저런말을 내뱉고 아들의 음란성 댓글에 성매매업소 후기에는 입꾹"
news,기타,김문수,"자신의 처지가 바뀌니, 전에 자신의 처지에서 함께 했던 사람들 혐오하는건 개구리들이 하는짓이죠!설익은 노동운동가들은 역사적국가생산책임자(대의적노동자)와 생계의 책임자(구체적역할의 노동자), 이 두역할이 상반된것으로 무식하게,이해하지 못하고 노동자(대한민국의 약2800만)를 배신하고 노동자를 혐오하는데 심지어 이혐오를 선동하는데앞장서기까지합니다. 이번 내란 조기대선에서 그 실제인물 김문수 설난영를 우리는 마주하고 확인하는 역사적 경험을 합니다. 무식한이해와 배신은 필연적으로 결합되어있음을 노동과 사회적평균이윤의관계로논증해보겠습니다."
news,기타,김문수,법카로 소고기 초밥 과일을 먹어 치우진 않았잖아
news,기타,김문수,조롱하고 모욕하고 비난하는건 국민의짐 전문인데
news,기타,김문수,그래서 노동운동하다가 국힘이냐
news,기타,김문수,2찍들은 배우자 선택하는거야? 쥴리모시더니 정신이 나갔네 다들
news,기타,김문수,트집하나 잘 잡은 것처럼 나불거리는데 유시민은 정치인도 아니고 민주당 당원도 아닌데........평범한 대한민국 국민이면서 직업이 작가인데 무슨 말을 못하지 언론 출판 집회 결사의 자유가 있는데......
news,기타,김문수,선거법 위반한것 없고 유시민이 바른말 했구만 고발은 윤석열과 김건희를 고발해야지 그래야 지지율 올라가지...
news,기타,김문수,부끄러움을 모르는 부부
news,기타,김문수,아줌씨 왜케 나대요? 거니도 영부인 호칭도 안써~ 내조만 열심히 한다고 하고는 그렇게 니댔지만 아줌씨만큼 똥ㆍ오줌 못가리고 투표전부터 셜쳐대지는 않았지~~ 거니보다 더하면 더했지 덜하지는 않을 듯~ 제발 찌그러져 계셔요~ 보기 거북합니다~
news,기타,김문수,대통령 이재명정부 국무총리 유시민 내정자가 될수도 있다 비상계엄 내란수괴 우두머리 졸개들아 지금 국민들이 너거들 내란 세력들 돌아오지 못 하게 투표 하는 것이다
news,기타,김문수,노조를 비하하는 훌륭한 부인 그 남편 딱 내란좀비네
news,기타,김문수,"옛날의 김문수, 설난영을 얘기하는게 아니다. 현재를 얘기하는 거지. 기억만 존재할 뿐 지금은 전혀 다른 인간들이 되었다."
news,기타,김문수,윤썩열 짝 나겠네 마눌 지키려 나라 망치더니
news,기타,김문수,촉새야 덕분에 1번에서 2번으로 옮겼다~!~
news,기타,김문수,"아내는 훌륭한 사람,, 훌륭한 사람 절대 아냐~ 과격하고 여러모로 진짜 못생겻드라"
news,기타,김문수,설난영씨가 먼저 자신은 노조안했다며 ~ 노조는 못생기고 세고 자신은 예쁘고~
news,기타,김문수,둘이 서로 훌륭하다고 자화자찬 오지네...칭찬도 남이해야지. 전광훈이나 쫓아다니면서 무슨 대통령을 하겠다고....국힘은 하나같이 이상해. 극우 아니면 전광훈 아니면 펨코임?
news,기타,김문수,윤석열도 김건희는 훌륭한사람이라고 생각할껄 ㅋㅋ
news,기타,김문수,유시민이 김문수 감옥에 있을 때 설난영과 함께 구명을 운동을 했는데 농성장에서 같이 숙식을 할 정도로 정성을 다했다고 한다. 그런데 김문수가 보수당 국회의원이 되자 유시민의 전화를 피하더란다. 극우 뉴라이트 매국적인 역사관 전광훈 승배자 윤석열 하수인은 심판 받아야 한다.
news,기타,김문수,너무 똑부러지게 생겨서 눈을 못 찾겠는데?
news,기타,김문수,"먼저 설난영이 어쩌고 다녔는지를 생각해봐. 그 모습을 보니 그렇게 평가됐던 거야. 그사람이 후보부인에 걸맞게 정상적으로 행동했다면 그런얘기 안나올건데, 굳이 이해해보려고 하니까 그런 역학관계안에서 그런 태도가 나오는 거라고 논평을 한거지"
news,기타,김문수,쫘아아빨들은 모조리 능지처참 척살. 단두대로 보내야 할것이다 반드시 멸해야 할것이다
news,기타,김문수,유시민 사이다 ㅎㅎㅎㅎ
news,기타,김문수,"유시민이 착각한거예요. 김어준방송을보니 ""다들 좋은 대학 나왔잖아요."" 하면서 96년도에 독일에서 김문수후보가 국회의원 당선되었을때 축하 전화했는데 김문수후보 배우자가 ""네,네, 고맙습니다.""하더라, 사무적이다. 이런 표현하는데 상대방 감정, 분위기를 아나? 면전도 아니고 전화로 상대방의 자기를 무시한다는 생각, 직접 물어봤어야죠? 그걸갖고 소통단절하고 폄하하고 헐뜯고,, 너무 어리석어요. 속된말로 멍청한 행동입니다. 언능 물어보세요. 어느 국회의원이 당선되었다고 목에 힘주나요? 더구나 경기도지사시절 법카소동도 없잖아요."
news,기타,김문수,"놀랍지도 않은 좌파들의 이중성. 서민 위하는 척, 노동자 편인 척 하는건 선거 때 뿐 아닌가? 공개적으로 저렇게 노동자를 폄하하고 무시하고 급 나누는게 좌파의 본질이다."
news,기타,김문수,유시민씨가 민주당원도 아니고 대선 후보도 아닌데 왜 투표로 심판을 하라는건지 모르겟네....정작 윤석열 이야기 나오면 탈당한 사람이라 할말 없다면서... 내로남불의 정석인듯..
news,기타,김문수,유시민의 혀가 언젠가 스스로 무덤을 파는 일이 생기지. 인생. 60넘으면. 혀를 함부로 놀리지 말아야지
news,기타,김문수,개눈에는 뭐만보인다더니 변절부부 역겹다
news,기타,김문수,"배우자의 삶을 존중하고, 함께 걸어온 길을 귀하게 여기는 마음은 본받을만 하다."
news,기타,김문수,김푼수의 개소리..!!
news,기타,김문수,그래 문수야 니마누라 훌륭하다 니는들어가고 니 마누라 후보로 내세워라 부끄러운줄도 모르고 ㅉ ㅉ
news,기타,김문수,유시민 작가님의 발언은 적절하지 않아보이네요
news,기타,김문수,"노동자였던자가 노동자를못생겼다고하는 발언은?! 품위도없이 상대후보자배우자를 비하한다는것이 더 문제급이다!!쯧쯧,김문수 배우자가 먼저 노동자를비하해놓고 이런글을 올리고싶냐!"
news,기타,김문수,관상은 과학이다 어째 쌔~한!!!!!!!!
news,기타,김문수,광대뼈
news,기타,김문수,과거 노동자 편에서서 운동한거 뼈저리게 후회한다며... 먼소리인지 당췌
news,기타,김문수,유시민이 말은 항상 옳다. 바른말을 해도 고발하냐?
news,기타,김문수,부부는 닮는다더니 ㅉㅉ
news,기타,김문수,맞는말 아닌가? 노조얘기하며 이쁘고 못나고 비하한게 누군데? 어째 빨간애들은 다저러냐?
news,기타,김문수,카리나 같이 예쁜 여성은 x고 싶다 꽂고 싶다 별소리를 다하면서. . . 여성 외모 따지는 놈들이 자기들 기준에 안 맞으면 외모 비하 부터 시작해서 온갖 여성혐오는 다 늘어 놓음. 이걸 지지하는 개딸들은 실제로 좌좀 남성들이 자기들은 쳐다보지도 않는다는걸 모르는지.
news,기타,김문수,윤석렬이보다 더 마누라 챙기는것보니 더하면 더하지? 건희한테 질려서설씨 나오는것 자체가 혐오스럽다
news,기타,김문수,설난영이 깝치고 다니던지 말던지 뭐하러 신경쓰나? 그냥 내버려 둬..
news,기타,김문수,설난영 쏘우 캐릭터 닮았다 진짜
news,기타,김문수,이번 대선은 좀 아내 얘기좀 빼면 안되니?그래서 어쩌자구 김건희처럼 가보게? 배우자 토론을 하자고 하질않나 제발 좀 피곤하다
news,기타,김문수,훌륭 아니고 흉해요
news,기타,김문수,유시민이 비방할때 그 목소리와 깐족거림 ㅠ
news,기타,김문수,그럼게 상대방을 비방하더니 본인들은 조금만 긁혀도 생난리
news,기타,김문수,암요~ 예쁘고 문학적이고 부드러운~ 노조하실분 같이 생기셨어요~
news,기타,김문수,멀 그리길게말하냐 부창부수고 초록은동색이고 이빠이는가득이잖아
news,기타,김문수,개문수야 국민들이 아니라는데 또 우기니?
news,기타,김문수,부창부수네. 이번 선거를 끝으로 내 눈앞에 띄지 마라. 세상 더러운 짓 다 해놓고 청렴한 척 어이가 없다. 불법 후원자금 쪼개기 수령 의혹이나 밝혀라!
news,기타,김문수,난 별로 ~ 그다지 ~ ㅋ
news,기타,김문수,남깔땐 자기도 까일생각은 못한건가?
news,기타,김문수,대깨 는 입닥해. 뇌 없는 내로남불 것들이 ㅎ김문수 마누라가 잘못했어도 니들은 겸손하게 들어. 똑같은 것들이니까
news,기타,김문수,인상이 과학이다
news,기타,김문수,대통령이던 배우자던 외모는 중요하지 않은것 같아요 ㆍ단정하고 인성 바르고 성실히 살았으면 된것같은데요ㆍ
news,기타,김문수,그럼 내 아내는 형편없는 사람이오!하는 사람이 어딨냐 ㅉㅉㅉ
news,기타,김문수,이성을 잃은사람들로 가득하구나..
news,기타,김문수,문재인은 xx이라고 말한인간도 무죄나왔는데?? 하기야 요즘 판사들은 지 맘대로 판결하니~~그래놓고 법과원칙대로 ㅎㅎ?? 기소기한을 시간으로 계산해서 구속피의자를 풀어주고 잘했다고~~그러는판사도 있는데 유작가도 기소될수도~~
news,기타,김문수,부인이 전라도사람 이라고 했다가 시민들에게 언제 니가 여기왔었냐고 꾸지람듣고 도망감
news,기타,김문수,유시민은 틀린말 안하다 찍쏘가 잘못했네
news,기타,김문수,남에 행동이나 남을 지적하려면 나부터 돌아보고 지적해라 대한민국 남자 중에 네 마누라 소중하지 않은 사람 없다
news,기타,김문수,노조를 비하하며 자신의 과거를 숨기려고한 설씨 본인이 가장 큰문제이고 이상한거 아님? 당신들이나 똑바로 하라! 고소남발하지말고!
news,기타,김문수,"둘다 어디 북한에서 온것같다. 극죄에서 극우로 갔으면 살만큼 좀 나아지지 않았나? 그리고 유시민이 누가 인성을 말했냐? 뭘 듣고 말해. 관계가 틀어진걸 말한거지. 위치가 바뀌어서 뻣뻣하게 나오면 그전에 알던 사람들하고 선긋자는 시인인걸 빨리 알아채고 물러났단 거잖아. 쟤들은 귀도 멀고 눈도 멀고, 사실하나 제대로 파악못하면서 무슨 공직을 한가고 하나같이 모지리니"
news,기타,김문수,마귀할멈 사과? 백설공주 스토리냐?
news,기타,김문수,소방관이 김문수고 김문수가 소방관이었어야지. 이제와서 아무리 애를 써도 소용없다.
news,기타,김문수,노동운동과 학생운동 하던 사람이 변절을 하면 저렇게 추잡하고 가증스러워 진다는걸 여러분들은 보고 계십니다.
news,기타,김문수,예쁘고 문학적인 사람이 맞다고? ㅋㄲㅋ 노조 폄훼하더니 지는 좋은 소리만 듣고 싶은가보네 제2의 김건희 맞네
news,기타,김문수,훌륭해서 노조에게 막말 했내!!??? 친일 내란동조당 국짐당 김문순대 놈아!! 너도 훌륭해서 119에 갑질 한거냐!!??? 김문순대욕!!!
news,기타,김문수,후보자 비방죄는 '선거운동을 위하여' 라는 단서조항이 있다. 유시민작가의 발언이 부적절했다고 보이지만 유작가는 민주당 당원도 아니고 선거운동을 하지 않는 평론가의 관점에서 얘기한 것 뿐이다. 국힘당은 쟁점화시키기 위해 고발조치 등을 하는 것이겠지만 아무 소용 없다.
news,기타,김문수,감히 유시민은 넘볼 수 없는 게 김문수다.. 유시민은 학생운동 시절 체포되었으나 다음날 아침 바로 멀쩡이 나왔다. 바로 그날 학생운동 조직원 전원 체포되었다.. 김문수는 유시민의 동생과 함께 체포되어 온갖 고문을 견디며.조직원 심상정 을 보호했다.
news,기타,김문수,유시민은 일반 작가인데??? 정치인도 아닌데??공당이 왜저럴까??? 개인의 의사표현??
news,기타,김문수,네 자칭 미인인 와이프 있어서 좋겠습니다. ㅎㅎ
news,기타,김문수,차마 니 주됑이로도 니 마누라가 예쁘다고는 못하겠지? 니마누라 안경 좀 맞춰줘라.
news,기타,김문수,외모 비하는 아니지만 계속 보고싶은 얼굴은 아님
news,기타,김문수,모르는 사이가 아니니 유시민이 잘 알겠지
news,기타,김문수,노조위원장 했던 당신 부인은 노조하는 사람들은 못생겼다며? ㅋㅋㅋ 그럼 당신부인도 못생긴거 맞지? 지들이 했던 말은 참 수준높은 말이기도 햇나보다.
news,기타,김문수,"설난영의 최근 행보와 말이 부적절했다는 것만 말해도 충분했는데, 유시민 답지 않은 발언이었습니다."
news,기타,김문수,김문수 당신은 당신 아내와 함께 변절자! 그 괜찮던 너희가 악마화 되다니
news,기타,김문수,맞는 말 이던데ㅡ
news,기타,김문수,대통령 후보 배우자라는 자리에 갈수 있는 인생은 뭔데? 골때리네. ㅎㅎㅎㅎ
news,기타,김문수,응 니말이 맞어. 소방공무원 갑질한 빤스 수제자인 니가 대선후고 보수여당이 이제 야당되면 당대표가 극우테러분자가 대표되는 TKPK당 클라스의 미래 ㅋㅋㅋ
news,기타,김문수,"김덕수, 을지문덕으로 사기친 놈이 훌륭하다고 하는 사람이니 알만하네."
news,기타,김문수,김문수가 다른건.다 쓸데가 없는데 딸자식 하나는 잘둔것 같이 보인다 사회복지사로.열심히 살아가는 얼굴에 진심이 보여 좋았다 애쓰셨네요 잘한건 잘한거니까
news,기타,김문수,훌륭하기는...망상에젖어계시더만
news,기타,김문수,남편과 아내 동일시해서 망한 권력이 바로 앞에 있는데 정신차려 투표해야 할 듯.
news,기타,김문수,나쁜놈이 훌륭하다고 평가하면 뻔하잖아. 윤석렬도 죄가 없다는 놈인데.
news,기타,김문수,전국 노조들 뭐합니까. 노조 비방죄로 고소 들어가야죠.
news,기타,김문수,추악하고 더러움이 먼저 느껴진다.
news,기타,김문수,0 0 = 과학
news,기타,김문수,"1980년대 남편 폭력,사기,테러,절도가 아닌, 사회정의,민주주의를 위해 정의로운 일로 감옥에 가면, 남편 버리고 도망가는게 비상식적이고, 비난받을 일이었다. 당연히 옥바라지 하는게 정상이었던게 그시대의 상식이었다.암튼 말같지 않은 소리만 왜 괴랄하게 짖어대냐!! 오히려 남편 버리는게 비정상인거지 그게 훌륭한거냐!!!"
news,기타,김문수,설난영 볼때마다 쏘우 캐릭터 인형같아서 무섭다.
news,기타,김문수,맞아당신부인께서 김여사 조롱했어?
news,기타,김문수,"노무현이 상고 나왔다고, 이재명이 검정고시 출신이라고 무시하던 자들이 할 소리는 아니다."
news,기타,김문수,"관상은 과학인데.. 특히나 40이후의 얼굴은 본인의 성격, 태도가 그대로 드러난다.."
news,기타,김문수,ㅋ 문학적이고 이쁜 할머니! 홧팅! 꿈은 일주일내에 깹니다~~~~
news,기타,김문수,훌륭했었는데 변절된거지.
news,기타,김문수,2 ㅉ ㅣㄱ 쏘
news,기타,김문수,유시민 말이 맞던데? 이상한 사람 맞던데?
news,기타,김문수,왜곡이 심하다.
news,기타,김문수,훌륭한개 노동자 펌하하냐
news,기타,김문수,십석열도 그랬어
news,기타,김문수,아니 노동자들 못생겼네 어쩌니 주제파악 못하고 떠든것이 지가 뭐라도되는양 착각하고 뱉은말은 사실이구만~~거울도 안보는가~~~
news,기타,김문수,쏘우
news,기타,김문수,데칼코마니 둘다 웃겨 ㅎㅎㅎ요즘 훌륭한 정치인이 어딧으며 아~ 휼륭한 마귀힐멈은 자신을 너무 모르는 사람 이구나
news,기타,김문수,노조는 못생겼다한 저여자는 뭐라안하네
news,기타,김문수,유시민이 정치인도 아닌데 기사 쓰는것도 어이 없고 그거에 또 긁히는 국짐당도 참~ 꼬라지가 우습다!
news,기타,김문수,그면 김거니보다 더하겠네?
news,기타,김문수,직쏘
news,기타,김문수,뭐 그리 훌륭하지 않게 보이든데? 말하는 내용이나 처신을 보니
news,기타,김문수,국짐이 국짐한거야. 저기만 가면 사람이 이상해져
news,기타,김문수,먼저 품격있게 행동하라
news,기타,김문수,백설공주에서...나오는.....비짜루 타고....모자쓴...할망구가 있는데..........너무 판박이다~~~
news,기타,김문수,부창부수
news,기타,김문수,얼굴을 야매로 조지났네...시장통에서 백설공주한테 사과나 팔면되겠네
news,기타,김문수,노조출신 쏘우닮은 할매가 노동자는 못생기고 본인은 아름답다고?어떤 뇌를가졋길래 출신동료들 비아냥대고잇는거고?
news,기타,김문수,그래서 노조는 못생기고 나쁜 것으로 발언했냐?
news,기타,김문수,.김문수...너가 새각하기엔....설난영이....훌륭하다고 생각하겠지...!!!!??.그러나...국민이 보기엔....정신이 나가서 마구 날뛰는.......김건희 빰치는 망둥이 일뿐이다~~~~~~거울이나 보라고 해라~~~
news,기타,김문수,"다른사람 외모 비하 발언 안했으면 나도 안하는데, 참 쏘우스럽다"
news,기타,김문수,바보온달 마누라자랑 천치네~~!!!
news,기타,김문수,좌우지간 이 작자들은 적반하장 뒤집어씌우기가 주특기인 족속들이여..지난번에 같이 노동운동했던 분들의 기자회견 찾아서 꼭 봐..유시민이 무슨 여성노동자를 비하했느니 뮈니가 얼마나 얼토당토않은 말을 했는지 알게 될거다. 정말 몹쓸것들..니들이 아무리 발악해봤자 끝났으니 조용히 처분만 기다리기를..
news,기타,김문수,지가훌륭하데그래서 상대방디스하냐
news,기타,김문수,옛날에 도움을 주고 같이 고생했던 막연한 동지가 등 을 돌린다는건 사람과 이념에 대햐 배신은 게나 주라는 인성이것지 부부는 닮는다고 옛시절을 잊어버린 인간은 미래도 친구도 없다
news,기타,김문수,그래 다 제 짝이 있다^.^
news,기타,김문수,박살난영 거울보고 인물을 평해라... 얼굴이 박살 났네... 쏘우2
news,기타,김문수,관상이 과학이라더니.................. ㅋㅋㅋㅋㅋㅋ
news,기타,김문수,훌륭해서 그렇게 말하나? 음... 훌륭하다의 단어 뜻이 언제 바꼈나...
news,기타,김문수,김거니가 보인다
news,기타,김문수,해골바가지 부부
news,기타,김문수,부창부수지..둘수준이 똑같다..
news,기타,김문수,"이 일의 본질은.. 국힘에서 배우자검증하자고 배우자 토론하자는 말도안되는.. 그때부터 김문수 부인의 등장 발언 횡보가 언론에 과하게 노출된 것인데 이것은 김문수캠프의 선거전략 중 하나 일 뿐이다. 이재명 부인의 법카문제를 비교할 네거티브 전략인데, 오히려 노동운동가 출신 부인의 훌륭한 과거를 스스로 부정하는 얼굴 발언을 통해 당시 약자의 편에 섰던 그녀의 기억을 가진 사람들에겐 불쾌한 느낌을 줬을 것 같다. 그런 맥락이 있는거 아닌가?"
news,기타,김문수,"김문폐, 김민폐 어딜가나 민폐"
news,기타,김문수,내로남불 그만!
news,기타,김문수,난 유시민한테 투표 안해 .. ㅋㅋㅋ .. 내란당에게는 절대 절대 NO
news,기타,김문수,ㅍㅎㅎㅎㅎ 아주 여편네 촌나휼륭하셔요 뒷담화나까고. 병 ㅇ ㅇ
news,기타,김문수,"유시민을 탓해보거라~! 근데 유시민 작가는 평론가인데 화살날려봐야 득이 있을까? 적벽에서 빈 배에 활을 쏜 조조군 꼴이지~~ 그럼 빈 배 책략은 누가 냈을까나~! 바보탱이들, 그러니 윤건희나 쫒아 다니지^^ snl 에 나와서 건희가 빽 받는것보다 8만원 법카 사용이 더 잘못이라고 답할때부터 그 천박함을 들여다 봤다마는...부창부수~!"
news,기타,김문수,글쎄 SNL 나와서 상대와이프 대놓고 까는거보면 좋아보이진 않더라는…
news,기타,김문수,"순대는 안된다.왜냐,깜이 안된다. 순대가 되면 수육은 어쩌라고 막장은 더 문제고 국말아먹는건 시간문제"
news,기타,김문수,설난영씨가 노동자 비하한 발언은 겒찬고??
news,기타,김문수,"수준도 안되는 것들이 어쩌다 대선후보 나와서 눈에 뵈는게 없구만! 어자피 영부인 안된다 노조위원장하다 만나서 결혼했는데 갑질문수가 학력이나 위치가 높아 마누라가 좀 빠진다는 말이 후보 비방이냐? 놀고자빠졌네,,,,, 수준도 안되는것들 평을 유시민이 입에 올려준것만도 감사해라! 겨우 국개된걸로 도와준 사람 고마움도 잊고 갑질 들어간 것들이,,,, 꼬라지 벌써 어깨뽕 들어갔네,,,, 마누라 나대는건 김건희 판박이네"
news,기타,김문수,이상하지
news,기타,김문수,최소한 노조위원장까지 하신분이 노조를 비하하면 안되는거지~!!! 본인들 업무추진비로 수천만 상품권 구매와 현금사용 의혹은 소명도 안하며 다른이의 법카 사용을 계속 비난하는것도 웃기고~!!! 정의로운척 청렴한척은~ 진짜 그런사람이 합시다.
news,기타,김문수,노조와 노동자를 배신한 훌륭한 분이지!!
news,기타,김문수,위장취업 선동질해서 집단 결근하게 만들었냐
news,기타,김문수,유시민 사과를 해야죠
news,기타,김문수,사람이 참 추추추하다 ㅋ 부부가 같이 추추추하다 ㅋㅋ
news,기타,김문수,직쏘 인형 닮음
news,기타,김문수,훌륭한 사람이 항대후보배우자를 인신공격하나? 다른건 몰라도 훌륭하지는 않다.
news,기타,김문수,두인간이 닮았어~ 쏘우? 🍎 주는 할멈?
news,기타,김문수,겉과 속이 다른것으로 보입니다.
news,기타,김문수,김문수도 윤석열이 사고치는 바람에 저 자리에 있는거지. 뭐 어차피 마지막 불꽃으로 사라질 걸.
news,기타,김문수,내로남불 오지네~ snl 나와서 상대방 부인 폄하한건 뭐냐?
news,기타,김문수,어떻게 자식도 안낳고 저러고 살았지?... 신기하네
news,기타,김문수,제대로 말한사람 고발혀?무고죄아닌가요?
news,기타,김문수,훌륭한 노동자 부부가 소방관노동자에게 내가 경기도 지사라며 갑질하나 가만히 자기일 열심히 하는사람 윽박지르면서 지위로 협박하면서
news,기타,김문수,유시민이 발언이 사실 아닌가?
news,기타,김문수,"유시민 비난받을민한 논조와는 별도로, 설씨 이상해보이는건 맞는데요 순대씨."
news,기타,김문수,국짐들 진짜 웃긴다 민주당 이번 대선 네거티브 전ㅇ략 전혀 사용안하는걸 무기삼고 온갖걸가지고 고소 고발질이네 극우유트브 방송 검증한번 해볼까? 거기서 해대는 미친 편파적 허위 사실가지고 모욕적 발언 해대는거 꼬투리잡고 덤비면 그쪽 세계 누가 살아남을까 싶다 유시민이 언제 전체 노동자여성에 대하여 그런시각으로 접근했냐? 유시민이 한때는 광장에서 같이 잠까지 잤었던 설ㅇ난영이 어떤인물인지 잘아니 설 입장에서 그런거아니겠냐고 씁쓸한 읍소 한거지 지남편 국회의원되었다고 완전 태도변한여자더만
news,기타,김문수,훌륭한 마누라 두셨네요 ㅉㅉ
news,기타,김문수,남의 부인 뒷담화를 유튜브에 나와서 하는 사람이 이상한 사람 맞자나요본인이 노조 출신을 부인하면서 노조원을 폄하하는 사람 이상한 사람 맞아요
news,기타,김문수,비방죄 거리가 되는거면 설난영이 먼저 처벌 받긋네🤣🤣🤣
news,기타,김문수,어디서 많이 접했던 생각인듯..썩렬이가 거니고 거니가 썩렬이다?
news,기타,김문수,노조는 못생긴 사람들이 한다는 설씨 얘기는? 본인은 예뻐서 노조 모른다고? 그 수준보니 딱 거기까지가 맞는것 같은데. 틀린 얘기도 아니구만.
news,기타,김문수,어 나도 여러모로 꽤 훌륭하다고 생각한다. 뭐 어떤거냐는 다르겠지만.. 고맙기도하고...
news,기타,김문수,둘다 정상적이지 않음
news,기타,김문수,필요할 때만 노동자를 도구로 사용하는 부부.
news,기타,김문수,그러니까...젊을땐 그렇게 노동자들 위한답시고 앞장섰던 인물들이 지금은 왜 뉴라이트들의 앞잡이가 되었냐 이거야. 내란세력을 등에 엎고...
news,기타,김문수,니그들 법카 조사좀 해보자
news,기타,김문수,SNL 나와서 자기가 한말은
news,기타,김문수,니 마누라가 정상인이면 하지도 않을말을 하고 다니며 국민 기암하게할 막말 하는거에 대한 분석은 또 못참고 부르르...국힘답다
news,기타,김문수,온국민이 윤건희내외땜에 고난을 겪는데 자꾸 부인 내세우니...이런저런 소리 듣는거지ㅉㅉ
news,기타,김문수,당신 마누라가 후보 마누라 뒷담화 하는건 괞찮고???뒷담화만하지 나는 안그래요 안그래요~~ 니 마누라도140번 압수수색 당해봐야 아는것이고!! 노동여자들 못생기고 쎄고 거칠고 이런 비하발언을 밥먹듯이 한 니마누라가 깨끗해?? 비하발언만하지 또 나는 안그래요~~~ 예뻐요~~ 문학적이예요~~ 부드러워요~~ 아직 결정못했는데 당신부부 내로남불보니 너는 아니다!!
news,기타,김문수,누가 휼륭해 아 미치겠내 .너를 아는 사람들이 등돌린 사람들은 뭐고..
news,기타,김문수,댓글 꼬라지가 딱 코끼리 젓가락 수준이네
news,기타,김문수,니가 노동운동 했다는게 더 과관이다 그리고 서민 이라고좀 하지마라
news,기타,김문수,위험한 여자네
news,기타,김문수,아니지.. 후보비방죄가 아니라 사실적시 명예훼손이 굳이 따지자면 맞지..
news,기타,김문수,노조를 가난하고 못생긴 이미지로 낙인 찍은 사람이 누구였더라..
news,기타,김문수,훌륭하긴 개뿔 그아줌마가 한 일이 뭔데 훌륭하다는건지?
news,기타,김문수,설난영이 무슨말을 해서 그런 말을 듣는지 자세히 써야지
news,기타,김문수,하는 꼬라지가 김건희 뺨치게 생겼네..
news,기타,김문수,개뿔 고향이나 팔아먹지마라 그래라
news,기타,김문수,저 여자꼴을 봐라 ㅋㅋㅋ 거니 보다 더한 여자군
news,기타,김문수,"단점 말하면 비방이냐. 부인 언행 보면 누구나 그런 판단 가능하겠던데, 자기 부인이 어떤 말을 한 뒤에 그런 평가를 받았는지 생각이란 걸 좀 해 봐라."
news,기타,김문수,대통 배우자 격 떨어지는건 건희나 가가멜이나 동급
news,기타,김문수,"김문수 유시민은 노동운동 시절 친분이 있는 것으로 앎. 노동운동 시절의 김문수 만큼은 유시민도 인정하고 있음. 발언을 찾아 들어보니 지금 보여주는 예전과 다른 설 여사의 모습을 이해한다는 취지에서 시작한 멘트.. 그러나 너무 일반화했고 당사자로선 당연히 불쾌할 듯함. 유시민의 정치적 비평 실력이나 안목과 별개로 표현을 더 정제했어야 함.... 하지만 후보 배우자가 타 후보 배우자를 직접 비판하는 전에 없는 일을 했단 점, 노조위원장 출신의 노조 관련 문제의 발언도 매우 놀라웠음. 사회적으로 모두가 자중할 때 아닌가 싶다"
news,기타,김문수,김문수 놀고 자빠졌네 ..니 마누라가 먼저 노조는 못생기고 과격하고 무식한 사람이나 하는 것처럼 지껄인거 같은데 제2의김건희를 보는 줄 알았다. 당선도 안되겠지만 마누라 단속 좀 해라
news,기타,김문수,설치고 다닐때부터 그럴줄 알았어 얼굴이 너무 무섭고 사나워
news,기타,김문수,이런 발해서 미앙하지만말이야.. 난 왜 초딩때 백설공주 만화에 나오는 마귀할멈이 계속 연상이 되냐? 자동으로 머리에 떠 오르는것도 죄냥?
news,기타,김문수,"세월이,환경이 사람을 변화 시키지"
news,기타,김문수,민주당은 전광훈 똘마니 김문수 팩트 체크 영상 좀 뿌려봐라
news,기타,김문수,에구 난타전…빨리 6월 3일 오길
news,기타,김문수,훌륭한 사람이 노조는 못생겼고 과격하다고 비판하냐? 진짜 욕먹어야 하는 사람은 설난영이다. 유시민은 평소에 말했다. 자신도 완벽하지 않다고 나이들면서 걱정이 더 된다고...그래서 본인은 공직에 나가지 않겠다고 했다. 설난영김문수 니들이 젊은 날에는 어땠는지 모르겠지만 나이들어서 공적임무를 수행 못할 것 같으면 모두 내려놓고 은퇴해라. 노욕이다. 추잡해.
news,기타,김문수,김문수를 볼때마다 기괴스럽다. 내란수괴 윤석열을 싸질러놓은 내란당에서무슨 대통령후보인가 싶은데 그게 극좌에서 극우 양 정점을 오간 정신분열병자의 뇌구조가 의심스러운 김문수라니. 괴기스러움이 참 어울리는 조합이다. 같이 날려버리는 한표가 되길.
news,기타,김문수,네네~ 윤석렬도 김건희를 그렇게 말했죠~
news,기타,김문수,후보자 비방죄?로 고발을? 국짐이?그럼 국짐은 남아나는 의원이 없겠다.
news,기타,김문수,"역시!!!근로자 비난하고 노조를 비난하는 김문수나 그 마누라나 똑 같구나... 광복을 부정하는 친일파 김문수 김구 선생님을 부정하는 친일파 김문수... 윤석열 개 노릇 한 김문수,,, 윤석열 탄핵 반대한 김문수 그 김문수의 마누라!! 그 김문수의 마누라도 개찐도찐일듯. .."
news,기타,김문수,풉
news,기타,김문수,지네 누나 유시춘이 법카유용혐의가 있으니까 도둑이 제발 저린격
news,기타,김문수,알어.. ㅋ 당신한테는 훌륭한 부인이겠지...다만 영부인깜은 아니라고... 욕심부리지 말라고... ㅋ
news,기타,김문수,유씨 아자씨 표의 등가성은 나같은 저학력자나 당신같은 사람이 가진 표는 똑같이 취급되는겨 우월주의에 사로잡혀 이분법적 사고의 두뇌만 발달? 한거 같네 참나 어이없음 그래서 후보자 전격 변경..
news,기타,김문수,변절자가 더 무겁대더니… 힘들때 도와준 사람 잊으면 끝이 안좋더라
news,기타,김문수,윤석렬이 김건희를 뭐라고 했더라.ㅋ
news,기타,김문수,설난영이 무슨 헛소리를 했어요??? 그것도 기사 올려 주세요
news,기타,김문수,팔불출이냐?
news,기타,김문수,사랑을 많이 받았나봐요..그 연세에도 저 이쁘죠 라고 당당하게 말할 수 있으신걸보면.. 이쁘다이쁘다 많이 해줬나봄.
news,기타,김문수,근데 지금은 왜 노동자를 무시하세요 ? 문수 씨.
news,기타,김문수,더러운 콩깍지 씻어내라 문수야
news,기타,김문수,설난영 : 자 이제부터 게임을 시작하지.
news,기타,김문수,노조했구만! 노조안했다는 설씨가 거짖말 쟁이네.
news,기타,김문수,그래. 김혜경은 더 훌륭해.
news,기타,김문수,수고많으셨어요 존경합니다. 그러나 이 번엔이재명후보께 양보하시죠.
news,기타,김문수,부창부수 설치는 꼴이 그 자리 갈 수준이 아니라는 지적인 거지 노조 여성 비하 극우 변신 남표니 믿고 잘도 지내왔네 인격을 우선 갖춰야
news,기타,김문수,"이상한 나라의 앨리스""가 맞나요."
news,기타,김문수,주제도 모르고 설쳐대니 그런말 한거지. 본인은 더한 말도 많이 하더만
news,기타,김문수,나는 이뻐서 노조 같은거 안한다?? 예????!!!
news,기타,김문수,학벌이 부족해 영부인 못된다 라는 맥락이 전혀 아닌데...? 이상하게 듣고싶은대로 뽑아 조합해서 듣나봄..
news,기타,김문수,설난영이 노조 비하한거는?
news,기타,김문수,유시민이 뭐? 노조위원장 했던 설난영이 노조 비하 발언해서 지적했다. 그래서 뭐? 맞는 말 옳은 말 해서 불만이냐?
news,기타,김문수,유시민 도움이 안돼ㅜㅜㅜ
news,기타,김문수,자꾸 사람들이 직쏘라고 하길래 직쏘가 머지 하고 지금 찿아봤는데 픕 진짜네 하여튼 비슷한 얼굴도 잘 찾네
news,기타,김문수,울지마 문수형.
news,기타,김문수,그게 내로남블이야
news,기타,김문수,국짐당 후보 마누라 수준들 대를 이어 온당하진 않음!!
news,기타,김문수,두 노욕들의 지저분한 만남~~
news,기타,김문수,노조위원장 하다가 보수세력에 가담해서 의원이 됐지. 노조하고 보수세력? 보수세력이 좋아하던 노조? 아니면 보수세력을 위한 노조?
news,기타,김문수,난 서울대 나온여자가 작전상 저러는줄알았는데 원래 저런거였어.
news,기타,김문수,윤석열도 아내를 무지 사랑했지
news,기타,김문수,내편이 아니면 욕해도 되는 민주당과 그 지지자들이 정말 싫다
news,기타,김문수,문수 안목에는 전꽝훈이 하나님인데 어련하시겠냐
news,기타,김문수,끼리끼리...수준이 바닥임
news,기타,김문수,ㅋ 웃긴다
news,기타,김문수,잠둘이서가지가지한다대한민국자존심상한다
news,기타,김문수,유시민 너는 입만 동동 떠다니는 부유물이고. 하급인간으로 국민을피곤하게하는 표현을했다.사과하라.
news,기타,김문수,유시민은 햇바닥이 항상 문제덜 나불대면 좋겠다
news,기타,김문수,유시민 의삭이 천박한 인간이다. 설 여사 시대의 여성은 엄청난 처별에 교육 기회도 적었고 노동으르 남자 형재들 학비를 대고 가계도 책임진 경우가 부지기 수다.
news,기타,김문수,이슈화가 안될듯하다. 또 헛발질!!
news,기타,김문수,후보 비방해서 고소 하면 니들은 무기 징역 이겠네 지들 입엔 똥을 물고 아주 가지가지 한다
news,기타,김문수,문수옹 남의여자 외모 평가질 하지마시고요 설씨...웃참입니다
news,기타,김문수,그냥 전화 한통 하고 말아라..그래도 예전에 어려울 때 같이 했던 동지이자 은인아니냐..행님.동생 소주한 잔 하면서 털어버려라
news,기타,김문수,유시민도 극좌 로 가는거ㅇ깉은데
news,기타,김문수,내 아내는 외계인
news,기타,김문수,응원합니다!
news,기타,김문수,인신공격. 참 후집니다~~~ 내가 다 부끄러워요.
news,기타,김문수,무섭게 생겼다
news,기타,김문수,인상이 과학 !
news,기타,김문수,진짜 주옥같이 생겼다
news,기타,김문수,어이? 유씨? 너나 잘하세요! 주제도 모르면서 입만 살아서 놀리는구나.한심타.나도 고등학교밖에 안나와도 사회에서 너보다 명예도권력도 가져봤다.어디가도 입조심해라!
news,기타,김문수,유시민답네~ 이제뇌가 썩어가고 있는중ㅋㅋㅋ예전에 고문도 받기전에 지 동료들 다 팔아먹고 민주화운동 10억 챙겨받더니 그 반대인 김문수한테 피해의식이 존나차있네 ㅋㅋㅋ경기도지사도 심상정을 안고도 쳐발렸으니 짜증나거든ㅋㅋ아님 문수쪽붙을려고 찢 표떨어뜨리게 일부러한것일수도..
news,기타,김문수,지가 이쁘데. 그리고 노조 하는 사람은 못생기고 억세고 한데 지는. 이쁘데. ㅋㅋ. 성황당 할멈 같이. 생겨 가지고
news,기타,김문수,서로 비슷하니 같이살고 더 비슷해졋겟지.근디 훌륭한건 아닌듯 하도라.
news,기타,김문수,막말이라니?국힘 막말이 더 심한데 언론에선 조용하지?
news,기타,김문수,자들은 이재명후보한테 한짓은 몰라
news,기타,김문수,다른후보 부인을 비난하고 노조가 쎄고 못생기고 지는 이쁘다는 사람이다... 똑 같아도 너무 똑 같아~
news,기타,김문수,비방죄 같은소리 하네~~솔직히 니 마누라 이상한거는 니도 알잖아~~모르면 쩝~~~
news,기타,김문수,"본문 끝부분 국짐이 짖은 말을 약간 바꾸었다. 잘 읽어 보라. ""쥴리는 굥석열 후보와의 결혼을 통해 사회적 신분 상승을 했고, 과분하게 대통령 후보자의 배우자가 됨으로써 제정신이 아니라는 것"" 틀린 말이냐 맞는 말이냐."
news,기타,김문수,감옥에 있을때 유시민의 노고는 아무것도 아니냐?
news,기타,김문수,훌륭한데 나대고 노조를 폄하하냐나대지마라 제발 눈버리니까
news,기타,김문수,고발해라 설난영 노조 비방으로 맞고소
news,기타,김문수,유시민 작가가 비방 뜻으로 말한게 아니여 내가 그영상봤는데 ㅋ 야~~~진짜 대단한 인간들이네
news,기타,김문수,훌륭한 사랑? 탁월한 변절자 부부
news,기타,김문수,알았다 문수야 근데 그만 설쳐라고 해라 밥맛이다거니와 똑같드라
news,기타,김문수,와 늙어서 저렇게 마귀 할멈처럼 변하기도 쉽지 않겠다. 저렇게 안 늙어야 될 텐데 마귀할멈
news,기타,김문수,술집 출신은 아니란거는 인정한다 담배도 안피우고 그외 역량은 쫌 그런다
news,기타,김문수,고졸공장노동자 출신여성이 갈수있는 최대는 어디입니까? 1.대통령부인 2. 국회의원부인 3.회사사장부인 4.노가다출신 부인 확실한 정답을 골라 주세요
news,기타,김문수,전광훈이한테 십일조 및 특별헌금은 얼마나 했는지 말해봐~ 그래서 그러고 나대는구나.~!!ㅉ~ㅉ
news,기타,김문수,유력 정당의 대통령 후보 배우자라는 자리가 설난영 씨의 인생에서는 갈 수 없는 자리다. 그래서 이 사람이 지금 발이 공중에 떠 있다 << 이건 확실히 실언인데 ㅋㅋㅋㅋ
news,기타,김문수,설씨가 노동운동했다고.. 본인. 입으로 노동운동할 얼굴이냐고 반문했는데...고등학교졸업후에 멋모르고 전자회사 노동조합워원장했다고 ...뭘 알고 했을까? ..대한민국에 노동조합이 몇개인가 보통사람들은 조합위원장 함 했다고 노운동했다고 자랑질 안혀..
news,기타,김문수,김문수같은 사람이랑 살면 어떤 여자도 훌륭해짐
news,기타,김문수,청렴하고 도덕적으로 깨끝한 부부네요.
news,기타,김문수,솔직히 인신공격이 맞지. 이재명 형수쌍욕이나 이준석 젓가락 발언은 이해가 되었지만 이건 훨씬 천박하게 들렸다.
news,기타,김문수,유시민의 인간됨됨이와 댓글을 보면서 이재명 지지자들의 인간됨됨이를 확인했습니다. 진보? 개가 웃습니다.
news,기타,김문수,민주당 대통령 후보 마누라는 참으로 훌륭하십니다 조카한테 욕하고 법카로 맛있는거 사드시고 재판도 받으시고 자식 교육도 잘 시키시고 대단하십니다 ㅋㅋㅋ유시민은 뇌가 썩어서 녹아 없어졌나 봅니다 ㅋㅋㅋ
news,기타,김문수,유시민 입좀닫고 있어라
news,기타,김문수,표창장 위조한 조국 일가는 쉴드 치면서 누구는 대학 안 나왔다고 무시하냐? 난 저 위선을 일찌감치 알아챘지만 그동안 방송이며 강단에서 떠들어댔던 말들 하나하나가 다 거짓말이었다는걸 많은 사람들이 좀 깨닫고 느끼기를 바란다~ 위선자들에게 속아 그들이 비호하는 마피아 같은 집안을 대통령실로 보내려 하고 있는 자신들을 좀 돌아보고 각성 해라~
news,기타,김문수,"우리나라 헌법에 연좌제는 없다, 최근에 윤석열이 깽판을 쳐서 또 대선을 하게 되었다, 하지만 윤석열 때문에 사기꾼 범죄자가 대통령이 되면 대한민국이 너무 불행해질것 같다."
news,기타,김문수,저 내란정당것들은 정상이 아님. 아직도 배우자가 대통년인줄 암. 그동안 그렇게 살아와서 그런듯. 오죽 후보자가 내세울게 없으면 포커스를 와이프한테 맞추냐 ㅎㅎ
news,기타,김문수,유시민도 센티멘탈 지적인 전에랑 다르게. 요즘은 과격해졌어!! 꼰대 안되길 바랬는데!!
news,기타,김문수,김문수대통령후보님 설난영여사님 정말 빛나는 분들 입니다.2번 김문수대통령후보님 🎉🎉🎉
news,기타,김문수,"한 가정의 남편, 아버지로서 정말 멋있어 보입니다."
news,기타,김문수,유시민이 선을 넘었음. 항상 공부하려는 모습이 멋지게 보였었는데 이번 발언은 경솔했음.
news,기타,김문수,"설난영, 김문수와 유시민 한번 대질시켜 보라. 한번 누가 옳은 말을 하는지 보련다. 운동권선배 김문수가 투옥시 끝까지 챙겼던 유시민, 전향후 매몰차게 유시민 쌩깐 김문수 부부. 조합위원장이었던 설난영, 엊그제 후보자 부인자격으로 한 행사에서 노조활동을 비하했다던데 말이다."
news,기타,김문수,이죄명 아들을 비롯한 야당넘들의 잇따른 여성 노인비하보도에 국민들은 분노를 넘어 충격에빠져 지지철회가 잇따르고있다!! 정부여당이. 성일종 권성동 김은혀 나경원등 이죄명 특별검증단이 야당넘들의 성범죄를 삿삿이 털어서 낫낫이 까발려 맛대응하면 충분히 김문수후보가 윤대통령의 뒤를이어 자유대한민국을 미래를 이끌수있을것!
news,기타,김문수,유시민 뇌가썩는 전라도공산당
news,기타,김문수,"민주당 노무현재단 이사장으로 입만 열면 약자편, 평등을 내세우면서 설난영여사의 학력과 노동자이력을 조롱하고 비하하는 민주당의 핵심 인사인 유시민이.김혜경의 숙대피아노과가 그리 대단한 학벌인가 상대 부인의 고졸학력과 노동자 이력을 조롱할 만큼"
news,기타,김문수,시민이가 과거 대통령후보자 보고 구구단도 모른다고 지껄여 대더니 가관이다. 진보라는데 완전 가재수준이다.
news,기타,김문수,"비록 김건희여사에 비하면 학력이나 외모는 쪼금 뒤떨어지지만, 천박한 법카여왕 김해경이보단 백배 품격이 낳다!"
news,기타,김문수,유시민 지가 뭐잘난줄 착각..한심한인간 집에가서 발닦고 자라 지구를 떠나거라.~~
news,기타,김문수,유시민 작가여 - 덕을 세우세요. 정치를 떠나 한 인간으로 남의 부인을 그렇게 폄하할 수 있습니까.
news,기타,김문수,SNL은 원래 그런 프로그램이니 김혜경 여사도 출연했으면 될 일이나 유시민이 후보 부인의 학력과 지위를 거론한 것은 비겁하다. 후보 부인이 전과가 있는 것도 아니고 비리가 있는 것도 아닌데 흠 잡으려 겨우 꺼낸 것이 학력이 부족하고 남편을 통해 지위를 향상했다는 그런 이야기.
news,기타,김문수,유시민 다시봤음. 속으로는 그런 생각을 하며 살아온거야? 역시… 선한 척은 하나 속으로는 사람을 그런식으로 나누어 한참 아래로 봤구먼 설난영을 그래도 잚은날 목숨걸고 함께 싸운 동지인데… 딱 선동가 그 이상도 이하도 아닌 일개 위선자 유시민! 이재명이 절대선이라고 해보시지 왜? ㅎㅎ
news,기타,김문수,여윽시 좌파소굴이네 요긴
news,기타,김문수,유시민 지식인인척 포장 하면서 본인은 엄청나게 높은 지위에 있는것 처럼 착각하고 있네요.. 예전에 60이 되면 뇌가 녹는다더라 이런말 했죠. 본인을 돌아보세요 ..설난영씨에게 무슨 열등감 갖고있나요? 참 저급합니다..
news,기타,김문수,권양숙여사는 여상 중퇴다...그러면 중졸인것인데...유시민은 권양숙을 마음속으로 개무시 하겠구나...아! 노무현도 고졸인데...
